id,senha
378,F1603143
228,22D820A2
248,F085ACE7
400,0BBD0C5D
71,38B3BC43
476,8AA21F08
394,F18056DA
468,B1985D16
150,0F075664
373,87D1142B
175,DB3B8646
144,7522F671
259,FD20B0AB
370,1E347CB9
143,5403B608
457,9D316901
321,78ACBBCB
4,B85A8DDC
343,F7424B55
200,BD34FD4C
469,9EB03F75
333,D9EC50A9
9,4EC63647
8,4FF92253
31,5C2EB73B
441,3AAA8F8D
422,0473A104
22,B2BAEC06
77,155A9FF9
110,F2A7BB22
297,2B9129BC
493,15423189
155,5F02EE25
392,A151A11C
238,1A477D83
260,407D6C16
384,41558F65
461,F21C764A
350,286DF2EB
280,EE038356
224,2269F063
483,05F2D840
440,8D81A98A
244,96C2AF27
445,96BA9D50
246,3C6A96C2
94,8EA0AD0A
151,0BBC2C0C
303,1CECB94E
153,92473F62
332,83ECA4DE
411,D7D14359
60,829E9C72
46,707B2AA9
351,EE7E086F
27,ECEEC6F5
410,C12714AC
195,3044BAAE
307,1A92B76C
222,F7B47932
44,B17CA2F7
2,A233BFD9
341,9E9A0B10
447,E4B67821
83,C8E21765
263,BBFA42A8
401,77C33D16
89,187B1688
113,2D454548
329,F50DD8F9
167,772174BF
425,D0CAA7DE
265,D2531A21
491,1828B07B
464,D91F6F07
121,AD0638CD
230,BC874BBF
381,F38C260F
285,7F8D2475
218,D7C84C4E
38,050CDD8A
261,796A7FB6
413,CE8EB9A0
309,973D459F
442,A02EB175
295,9D25CF0F
210,02959C0D
122,952C4070
139,C009AAB6
484,D2CC226B
62,E6E752FB
21,11D15C3A
318,B0CF1EF7
136,290816E0
217,D35B68FC
65,B39C78FD
323,4D9A144E
131,0A0716EA
205,37F4038F
149,69EFA5CD
256,E0BD9762
226,B1E25FBE
368,2D96CD9D
76,140AF511
466,EF5B1EC3
488,36CB9CE7
500,886F610D
180,ED98ABD0
95,12FB6916
34,3016A1E8
73,69F9F3FA
371,4E7B27C8
460,49C3F027
430,C8434F81
353,EFF7114C
277,EA777134
141,DFBDEAF9
28,890300B3
72,D55E8205
19,4A68EE3F
11,71B48FEB
182,D1686710
314,45AF6A21
293,E727A306
146,7ACD7902
249,5F374D4B
105,5EF9C8C7
254,E1BE3ECA
192,0BCD1205
18,EE2DAD36
316,4A835AE1
57,B00C1E51
84,E88E57FA
290,25E9BD20
496,0463ACEF
55,D116B009
357,400BFE6A
494,BEDD128D
61,C8F9C044
158,7C03F685
97,979453BB
423,1005B070
415,4915FC8A
190,1C2907FD
239,21568D09
118,10816E9E
379,AF16CEAA
13,BCFF1C8B
176,9F68EFE9
178,4B923D73
56,12558D35
456,46DCAD93
51,D85338AD
152,0DBE7015
429,8006FD82
63,2AB8F736
233,B6E3D7C9
395,21483F2B
50,84F0ADFA
20,B27F5F23
203,292012BC
487,469E15F0
69,62FCB5D1
80,7A956DF6
462,415E2FAD
391,A092F24B
168,E9205C1B
278,FDB78004
399,34AD0F92
35,B562C381
91,9DA9A488
221,04A768AD
434,2DAE5FB8
255,D1788BE7
214,E5EA1760
389,95EF349A
383,C5224EB3
98,1471E17E
188,657AB98B
187,1D2F4EA9
376,E34E5A9B
207,0D8C4691
92,D8B3E73B
208,281745EA
331,F1500C46
157,4E9A380F
236,307DE21D
490,E3D5B071
433,E1BCC94C
96,6C7FA297
486,4B93D6D8
215,F33DBE5F
196,3AB693DD
479,D90FC0BE
127,526809D0
199,B2D74266
132,7637B0D1
477,2C494D5F
315,B4AC0D47
320,43207DB6
33,82B82351
444,4CF67F26
177,E03BBF2D
471,B437DB2B
64,73CEC96D
3,6168901C
197,79C32517
103,B469C620
289,00E795E5
286,EBDF8583
352,353B952B
467,6D8268E4
40,860DD465
172,DD760199
481,7E8D8EF9
49,8964F8CC
340,44B7141B
135,5C96FFE8
364,35EE3E9F
432,441C1F0D
313,96D2B06B
279,3F11B9BF
163,3B78E999
439,1629C6FE
137,3EBF3F1F
70,0781E7E2
90,6D7ACC67
312,7FB5B2DD
39,CAD6E093
169,55E6D1D7
403,D3A55BEF
59,94294146
78,8DD6D239
465,E3DB2716
324,B93D53CB
472,BA76D8B1
416,D262C1D0
276,3D2DEF2B
446,083D93CF
43,851933A9
220,36335932
79,54C83E3B
229,7DC37392
109,50CF5F42
235,74EB32A1
385,42609182
104,245F87EB
398,FC4D60DD
485,1ECD5992
367,AF288530
24,16666164
102,F19F4B4E
366,B9DD827C
1,F8F27380
86,B1CAE93A
191,7BBF2D45
414,FA3A87CA
409,65204B50
52,57BFCBAF
166,3F3D2EDE
420,C3BBFECD
112,80AE97F9
344,25061E28
402,47F2A986
339,A9AA6406
272,547B5429
480,2C29E9FC
145,44E68B02
159,B4B81FEF
204,DDB5F3D3
107,9FC703ED
489,0CC45BE1
438,969FCC87
302,408B1578
160,B60D5922
198,9742F1DE
148,1D19E730
267,346AE079
48,76DC283E
81,0D3D443E
223,499F846C
478,73ADF027
304,61578601
85,F8BA6483
161,F361C957
393,68CFCC14
388,4D9A3EA1
99,BAAA9778
189,F8347ABA
283,FD2BD559
257,79F5AE9A
386,F271FFA5
140,DACF7666
68,19E6A356
193,05A96F8B
380,6680BE5D
154,CE772BCF
183,D3976EC8
463,720C0ED0
474,46052388
32,517EDFBF
128,4EBF20FD
317,FCA50D55
412,E2B2B0E6
243,EF279D39
369,C56F659D
269,3D7E14E4
47,7631495C
201,F8B60D20
361,0DF71F5C
418,8B5269FD
475,77D5FA1A
87,A9E88B9A
173,081E626D
194,1A3E4926
184,34C546AA
213,D8CD5871
134,DAAF2965
26,701EF31B
299,BB98CE2D
426,5017D82C
162,D806954B
453,9DF100DD
473,B4A22EE4
327,A4CD5DC0
67,350B10E8
492,94FD4A3F
356,ADE1FFD6
326,C0E77053
405,0DE47335
271,BB50A092
470,B7ABAEFC
328,3092BB71
42,E654703F
23,1EA4DB6D
482,026720DF
287,111E945F
363,0B18A901
325,FA6BF2D1
406,503FAAD6
294,B41F4250
171,169DE4F4
181,43862C64
234,4EA86410
348,DFA0B109
82,9824E2E2
322,64874E29
138,D0C72832
407,E59CD895
338,EE2F1F53
120,0474BCBB
306,1183BC74
417,BCCEF0D2
250,7BD0C794
459,1D4CC394
443,8BF34083
54,94208EBD
497,04D10CF5
266,190C5130
133,AE4F013E
296,0A22DC52
232,3770A667
231,9EE80D2F
291,9168EE50
114,63EF167E
437,7E2F260B
458,9E6EC7DE
25,6C7E8E1E
252,15695BD9
5,61299FB6
115,337A9B7E
219,B812FF22
335,B628B86C
495,435E0B73
240,E84587C6
436,F88656D1
375,69AE793B
30,31D5DED5
270,F41A1E65
206,EA54E3A0
45,A214D7C4
428,C21066EA
142,7ECB662B
117,A7ABA8F9
345,AE978DCE
209,85D30AE7
449,A51ACDE4
451,6FC21703
165,D0692FDC
174,35259D5B
88,4F351C0C
185,9AA587B8
355,80E73C40
424,5194A36F
499,467AF4F7
100,B4B2B853
419,553C6E50
387,16397426
147,11837FC8
336,0CF92A6B
170,328D896F
452,B061179D
164,554A6149
216,0A18A121
300,BE844539
408,77F0BF10
319,3BBF082B
334,0E754C39
262,B79F9F6C
382,D165A272
342,8D29352B
129,BDC183E7
123,A184A1A8
427,E7044476
431,91B1065B
16,7E0C4A7C
36,9341D448
359,444A0B83
365,BB207488
330,CAAD969E
10,6EEFC296
74,6C66717A
362,D374338A
268,6E954C15
7,705B8C57
288,EBDE2AEF
179,C1BB4927
448,2BFF865A
17,25DDE71B
298,0AEA0892
281,72EEC876
29,F161DE68
273,9F390C64
156,D1E068FB
12,672F7F39
450,9D4231A5
308,031A32E2
101,6E4C3844
435,8977890B
404,F91B8E61
349,14F6C8EC
211,6B1272D7
66,DA87BE11
311,EE98225B
390,15BF6A33
360,2343A695
186,59CE6466
93,D4AA6E79
354,83F21BA3
274,7A795FD2
258,11785C65
130,E7B9944A
374,D6ADCDDE
337,A3648323
454,76EEC005
282,17757E87
14,610DA34D
53,B219CC6D
305,CF1A9212
284,E34A3213
264,BAF88D2A
242,D88FF8DA
6,592E5D23
15,D20444F1
237,AE188D87
37,5B29D0C7
310,2B2F4988
251,D5659534
397,7CB417B6
396,C5FDA271
124,DBC4EC88
125,81D2FAC5
347,933D2AD2
245,0EC6CEC4
202,AD5DF6AD
455,6C936897
253,7BAA295E
498,E41DAF2B
58,82292180
372,CF622BF6
75,CD5DCCC7
421,CF3020A9
111,CF00CC35
301,47832CD5
358,E5E05513
292,2F27E81D
247,BDAB521C
346,B0FD8C80
225,AD810139
41,52138F30
106,02304D41
119,1BB0BF56
227,89B864AB
212,A4F0C7C9
116,4E9B0423
241,EF40F6E3
126,760C4E41
108,8D3A472F
377,C083B250
275,EBC984FD
