id,senha
424,750C66EC
113,0DC992DE
136,4BB3748A
369,4128FAB6
267,8A45B35E
391,5D572222
379,CA23C0DF
222,56C66285
12,84BB49B1
189,D12F0ADD
145,44E68B02
89,187B1688
107,9FC703ED
58,82292180
221,04A768AD
485,1ECD5992
127,526809D0
125,81D2FAC5
39,CAD6E093
168,E9205C1B
7,705B8C57
486,4B93D6D8
268,6E954C15
1,F8F27380
440,8D81A98A
60,829E9C72
237,AE188D87
119,1BB0BF56
363,0B18A901
264,BAF88D2A
465,E3DB2716
302,408B1578
176,9F68EFE9
201,F8B60D20
407,E59CD895
193,05A96F8B
425,D0CAA7DE
382,D165A272
152,0DBE7015
460,49C3F027
96,6C7FA297
97,979453BB
380,6680BE5D
235,74EB32A1
296,0A22DC52
15,D20444F1
105,5EF9C8C7
105,5EF9C8C7
331,F1500C46
62,E6E752FB
27,ECEEC6F5
282,17757E87
495,435E0B73
267,346AE079
109,50CF5F42
355,80E73C40
470,B7ABAEFC
306,1183BC74
3,6168901C
259,FD20B0AB
235,74EB32A1
137,3EBF3F1F
16,7E0C4A7C
329,F50DD8F9
283,FD2BD559
24,16666164
239,21568D09
145,44E68B02
435,8977890B
352,353B952B
298,0AEA0892
285,7F8D2475
187,1D2F4EA9
218,D7C84C4E
252,15695BD9
392,A151A11C
132,7637B0D1
203,292012BC
277,EA777134
74,6C66717A
441,3AAA8F8D
84,E88E57FA
440,8D81A98A
302,408B1578
374,D6ADCDDE
24,16666164
4,B85A8DDC
494,BEDD128D
92,D8B3E73B
229,7DC37392
124,DBC4EC88
494,BEDD128D
98,1471E17E
93,D4AA6E79
332,83ECA4DE
455,6C936897
299,BB98CE2D
166,3F3D2EDE
377,C083B250
229,7DC37392
